Workbook

Sheet Sheet1
A1: VLOOKUP | J1: Advanced VLOOKUP & HLOOKUP Exercises
A2: ProductID | B2: Product | C2: Category | D2: Price
A3: 101 | B3: Product A | C3: Electronics | D3: 120 | H3: 1. Use VLOOKUP to dynamically find the unit price for each ProductID in the Orders worksheet and calculate the total price.
A4: 102 | B4: Product B | C4: Furniture | D4: 150 | H4: 2. Use nested VLOOKUP to find the category of each product in the Orders worksheet.
A5: 103 | B5: Product C | C5: Electronics | D5: 200
A6: 104 | B6: Product D | C6: Clothing | D6: 90
A7: 105 | B7: Product E | C7: Furniture | D7: 220
A8: 106 | B8: Product F | C8: Electronics | D8: 130
A10: HLOOKUP | H10: 1. Use HLOOKUP to dynamically find the sales for Product B in a specified month.
A11: Product | B11: Jan | C11: Feb | D11: Mar | E11: Apr | F11: May
A12: Product A | B12: 120 | C12: 130 | D12: 140 | E12: 150 | F12: 160
A13: Product B | B13: 150 | C13: 160 | D13: 170 | E13: 180 | F13: 190
A14: Product C | B14: 200 | C14: 210 | D14: 220 | E14: 230 | F14: 240
A15: Product D | B15: 90 | C15: 100 | D15: 110 | E15: 120 | F15: 130
A16: Product E | B16: 220 | C16: 230 | D16: 240 | E16: 250 | F16: 260
A17: Product F | B17: 130 | C17: 140 | D17: 150 | E17: 160 | F17: 170

Sheet Sheet2
A1: OrderID | B1: ProductID | C1: Quantity | D1: Unit Price | E1: Total Price | F1: Category
A2: 1 | B2: 101 | C2: 2 | D2: =VLOOKUP(B2,Sheet1!$A$2:$D$8,4,0) -> 120 | E2: =D2*C2 -> 240 | F2: =VLOOKUP(B2,Sheet1!$A$2:$D$8,3,0) -> Electronics
A3: 2 | B3: 103 | C3: 1 | D3: =VLOOKUP(B3,Sheet1!$A$2:$D$8,4,0) -> 200 | E3: =D3*C3 -> 200 | F3: =VLOOKUP(B3,Sheet1!$A$2:$D$8,3,0) -> Electronics
A4: 3 | B4: 105 | C4: 4 | D4: =VLOOKUP(B4,Sheet1!$A$2:$D$8,4,0) -> 220 | E4: =D4*C4 -> 880 | F4: =VLOOKUP(B4,Sheet1!$A$2:$D$8,3,0) -> Furniture
A5: 4 | B5: 106 | C5: 3 | D5: =VLOOKUP(B5,Sheet1!$A$2:$D$8,4,0) -> 130 | E5: =D5*C5 -> 390 | F5: =VLOOKUP(B5,Sheet1!$A$2:$D$8,3,0) -> Electronics
A6: 5 | B6: 102 | C6: 5 | D6: =VLOOKUP(B6,Sheet1!$A$2:$D$8,4,0) -> 150 | E6: =D6*C6 -> 750 | F6: =VLOOKUP(B6,Sheet1!$A$2:$D$8,3,0) -> Furniture
A7: 6 | B7: 104 | C7: 6 | D7: =VLOOKUP(B7,Sheet1!$A$2:$D$8,4,0) -> 90 | E7: =D7*C7 -> 540 | F7: =VLOOKUP(B7,Sheet1!$A$2:$D$8,3,0) -> Clothing
D8: Ans 1 | F8: Ans 2 | K8: Month | L8: Sales for Product B
D9: VLOOKUP | K9: Jan | L9: =HLOOKUP(K9,Sheet1!$A$11:$F$17,3,0) -> 150
K10: Feb | L10: =HLOOKUP(K10,Sheet1!$A$11:$F$17,3,0) -> 160
K11: Mar | L11: =HLOOKUP(K11,Sheet1!$A$11:$F$17,3,0) -> 170
K12: Apr | L12: =HLOOKUP(K12,Sheet1!$A$11:$F$17,3,0) -> 180
K13: May | L13: =HLOOKUP(K13,Sheet1!$A$11:$F$17,3,0) -> 190
L14: HLOOKUP Ans
